{
    "memoria": [
        {
            "41x41": {
                "patterns": [
                    {
                        "enseñanza0": [
                            0,
                            1
                        ]
                    },
                    {
                        "enseñanza1": [
                            1,
                            1
                        ]
                    },
                    {
                        "enseñanza2": [
                            2,
                            1
                        ]
                    },
                    {
                        "enseñanza3": [
                            3,
                            1
                        ]
                    },
                    {
                        "enseñanza4": [
                            4,
                            1
                        ]
                    },
                    {
                        "enseñanza5": [
                            5,
                            1
                        ]
                    },
                    {
                        "enseñanza6": [
                            5,
                            1
                        ]
                    },
                    {
                        "enseñanza7": [
                            5,
                            1
                        ]
                    },
                    {
                        "enseñanza8": [
                            5,
                            1
                        ]
                    },
                    {
                        "enseñanza9": [
                            5,
                            1
                        ]
                    },
                    {
                        "enseñanza10": [
                            5,
                            1
                        ]
                    },
                    {
                        "enseñanza11": [
                            5,
                            1
                        ]
                    },
                    {
                        "enseñanza12": [
                            5,
                            1
                        ]
                    },
                    {
                        "enseñanza13": [
                            4,
                            1
                        ]
                    },
                    {
                        "enseñanza14": [
                            3,
                            1
                        ]
                    },
                    {
                        "enseñanza15": [
                            2,
                            1
                        ]
                    },
                    {
                        "enseñanza16": [
                            1,
                            1
                        ]
                    },
                    {
                        "enseñanza17": [
                            1,
                            2
                        ]
                    },
                    {
                        "enseñanza18": [
                            1,
                            3
                        ]
                    },
                    {
                        "enseñanza19": [
                            1,
                            4
                        ]
                    },
                    {
                        "enseñanza20": [
                            1,
                            5
                        ]
                    },
                    {
                        "enseñanza21": [
                            1,
                            6
                        ]
                    },
                    {
                        "enseñanza22": [
                            1,
                            7
                        ]
                    },
                    {
                        "enseñanza23": [
                            1,
                            8
                        ]
                    },
                    {
                        "enseñanza24": [
                            1,
                            9
                        ]
                    },
                    {
                        "enseñanza25": [
                            1,
                            10
                        ]
                    },
                    {
                        "enseñanza26": [
                            1,
                            11
                        ]
                    },
                    {
                        "enseñanza27": [
                            1,
                            12
                        ]
                    },
                    {
                        "enseñanza28": [
                            1,
                            13
                        ]
                    },
                    {
                        "enseñanza29": [
                            1,
                            14
                        ]
                    },
                    {
                        "enseñanza30": [
                            1,
                            15
                        ]
                    },
                    {
                        "enseñanza31": [
                            1,
                            16
                        ]
                    },
                    {
                        "enseñanza32": [
                            1,
                            16
                        ]
                    },
                    {
                        "enseñanza33": [
                            1,
                            16
                        ]
                    },
                    {
                        "enseñanza34": [
                            1,
                            16
                        ]
                    },
                    {
                        "enseñanza35": [
                            1,
                            16
                        ]
                    },
                    {
                        "enseñanza36": [
                            1,
                            16
                        ]
                    },
                    {
                        "enseñanza37": [
                            1,
                            16
                        ]
                    },
                    {
                        "enseñanza38": [
                            1,
                            16
                        ]
                    },
                    {
                        "enseñanza39": [
                            1,
                            16
                        ]
                    },
                    {
                        "enseñanza40": [
                            1,
                            16
                        ]
                    },
                    {
                        "enseñanza41": [
                            1,
                            16
                        ]
                    },
                    {
                        "enseñanza42": [
                            1,
                            16
                        ]
                    },
                    {
                        "enseñanza43": [
                            1,
                            16
                        ]
                    },
                    {
                        "enseñanza44": [
                            1,
                            16
                        ]
                    },
                    {
                        "enseñanza45": [
                            2,
                            16
                        ]
                    },
                    {
                        "enseñanza46": [
                            3,
                            16
                        ]
                    },
                    {
                        "enseñanza47": [
                            4,
                            16
                        ]
                    },
                    {
                        "enseñanza48": [
                            5,
                            16
                        ]
                    },
                    {
                        "enseñanza49": [
                            5,
                            16
                        ]
                    },
                    {
                        "enseñanza50": [
                            5,
                            16
                        ]
                    },
                    {
                        "enseñanza51": [
                            5,
                            16
                        ]
                    },
                    {
                        "enseñanza52": [
                            5,
                            16
                        ]
                    },
                    {
                        "enseñanza53": [
                            5,
                            16
                        ]
                    },
                    {
                        "enseñanza54": [
                            5,
                            16
                        ]
                    },
                    {
                        "enseñanza55": [
                            5,
                            17
                        ]
                    },
                    {
                        "enseñanza56": [
                            5,
                            18
                        ]
                    },
                    {
                        "enseñanza57": [
                            6,
                            18
                        ]
                    },
                    {
                        "enseñanza58": [
                            7,
                            18
                        ]
                    },
                    {
                        "enseñanza59": [
                            8,
                            18
                        ]
                    },
                    {
                        "enseñanza60": [
                            8,
                            18
                        ]
                    },
                    {
                        "enseñanza61": [
                            8,
                            19
                        ]
                    },
                    {
                        "enseñanza62": [
                            8,
                            20
                        ]
                    },
                    {
                        "enseñanza63": [
                            8,
                            21
                        ]
                    },
                    {
                        "enseñanza64": [
                            9,
                            21
                        ]
                    },
                    {
                        "enseñanza65": [
                            10,
                            21
                        ]
                    },
                    {
                        "enseñanza66": [
                            11,
                            21
                        ]
                    },
                    {
                        "enseñanza67": [
                            12,
                            21
                        ]
                    },
                    {
                        "enseñanza68": [
                            13,
                            21
                        ]
                    },
                    {
                        "enseñanza69": [
                            13,
                            21
                        ]
                    },
                    {
                        "enseñanza70": [
                            13,
                            20
                        ]
                    },
                    {
                        "enseñanza71": [
                            13,
                            19
                        ]
                    },
                    {
                        "enseñanza72": [
                            14,
                            19
                        ]
                    },
                    {
                        "enseñanza73": [
                            15,
                            19
                        ]
                    },
                    {
                        "enseñanza74": [
                            16,
                            19
                        ]
                    },
                    {
                        "enseñanza75": [
                            17,
                            19
                        ]
                    },
                    {
                        "enseñanza76": [
                            17,
                            19
                        ]
                    },
                    {
                        "enseñanza77": [
                            17,
                            19
                        ]
                    },
                    {
                        "enseñanza78": [
                            17,
                            19
                        ]
                    },
                    {
                        "enseñanza79": [
                            17,
                            19
                        ]
                    },
                    {
                        "enseñanza80": [
                            17,
                            19
                        ]
                    },
                    {
                        "enseñanza81": [
                            17,
                            20
                        ]
                    },
                    {
                        "enseñanza82": [
                            18,
                            20
                        ]
                    },
                    {
                        "enseñanza83": [
                            19,
                            20
                        ]
                    },
                    {
                        "enseñanza84": [
                            20,
                            20
                        ]
                    },
                    {
                        "enseñanza85": [
                            21,
                            20
                        ]
                    },
                    {
                        "enseñanza86": [
                            22,
                            20
                        ]
                    },
                    {
                        "enseñanza87": [
                            22,
                            20
                        ]
                    },
                    {
                        "enseñanza88": [
                            22,
                            19
                        ]
                    },
                    {
                        "enseñanza89": [
                            22,
                            18
                        ]
                    },
                    {
                        "enseñanza90": [
                            22,
                            17
                        ]
                    },
                    {
                        "enseñanza91": [
                            22,
                            16
                        ]
                    },
                    {
                        "enseñanza92": [
                            21,
                            16
                        ]
                    },
                    {
                        "enseñanza93": [
                            20,
                            16
                        ]
                    },
                    {
                        "enseñanza94": [
                            19,
                            16
                        ]
                    },
                    {
                        "enseñanza95": [
                            19,
                            16
                        ]
                    },
                    {
                        "enseñanza96": [
                            19,
                            15
                        ]
                    },
                    {
                        "enseñanza97": [
                            19,
                            14
                        ]
                    },
                    {
                        "enseñanza98": [
                            19,
                            13
                        ]
                    },
                    {
                        "enseñanza99": [
                            19,
                            12
                        ]
                    },
                    {
                        "enseñanza100": [
                            19,
                            12
                        ]
                    },
                    {
                        "enseñanza101": [
                            18,
                            12
                        ]
                    },
                    {
                        "enseñanza102": [
                            17,
                            12
                        ]
                    },
                    {
                        "enseñanza103": [
                            16,
                            12
                        ]
                    },
                    {
                        "enseñanza104": [
                            15,
                            12
                        ]
                    },
                    {
                        "enseñanza105": [
                            15,
                            12
                        ]
                    },
                    {
                        "enseñanza106": [
                            15,
                            11
                        ]
                    },
                    {
                        "enseñanza107": [
                            15,
                            10
                        ]
                    },
                    {
                        "enseñanza108": [
                            15,
                            9
                        ]
                    },
                    {
                        "enseñanza109": [
                            15,
                            8
                        ]
                    },
                    {
                        "enseñanza110": [
                            15,
                            7
                        ]
                    },
                    {
                        "enseñanza111": [
                            15,
                            7
                        ]
                    },
                    {
                        "enseñanza112": [
                            16,
                            7
                        ]
                    },
                    {
                        "enseñanza113": [
                            17,
                            7
                        ]
                    },
                    {
                        "enseñanza114": [
                            18,
                            7
                        ]
                    },
                    {
                        "enseñanza115": [
                            19,
                            7
                        ]
                    },
                    {
                        "enseñanza116": [
                            20,
                            7
                        ]
                    },
                    {
                        "enseñanza117": [
                            20,
                            6
                        ]
                    },
                    {
                        "enseñanza118": [
                            20,
                            5
                        ]
                    },
                    {
                        "enseñanza119": [
                            20,
                            4
                        ]
                    },
                    {
                        "enseñanza120": [
                            20,
                            3
                        ]
                    },
                    {
                        "enseñanza121": [
                            20,
                            2
                        ]
                    },
                    {
                        "enseñanza122": [
                            21,
                            2
                        ]
                    },
                    {
                        "enseñanza123": [
                            21,
                            1
                        ]
                    },
                    {
                        "enseñanza124": [
                            21,
                            1
                        ]
                    },
                    {
                        "enseñanza125": [
                            22,
                            1
                        ]
                    },
                    {
                        "enseñanza126": [
                            23,
                            1
                        ]
                    },
                    {
                        "enseñanza127": [
                            24,
                            1
                        ]
                    },
                    {
                        "enseñanza128": [
                            25,
                            1
                        ]
                    },
                    {
                        "enseñanza129": [
                            26,
                            1
                        ]
                    },
                    {
                        "enseñanza130": [
                            27,
                            1
                        ]
                    },
                    {
                        "enseñanza131": [
                            27,
                            1
                        ]
                    },
                    {
                        "enseñanza132": [
                            27,
                            2
                        ]
                    },
                    {
                        "enseñanza133": [
                            27,
                            3
                        ]
                    },
                    {
                        "enseñanza134": [
                            27,
                            4
                        ]
                    },
                    {
                        "enseñanza135": [
                            27,
                            5
                        ]
                    },
                    {
                        "enseñanza136": [
                            27,
                            6
                        ]
                    },
                    {
                        "enseñanza137": [
                            27,
                            5
                        ]
                    },
                    {
                        "enseñanza138": [
                            28,
                            5
                        ]
                    },
                    {
                        "enseñanza139": [
                            29,
                            5
                        ]
                    },
                    {
                        "enseñanza140": [
                            30,
                            5
                        ]
                    },
                    {
                        "enseñanza141": [
                            31,
                            5
                        ]
                    },
                    {
                        "enseñanza142": [
                            32,
                            5
                        ]
                    },
                    {
                        "enseñanza143": [
                            33,
                            5
                        ]
                    },
                    {
                        "enseñanza144": [
                            34,
                            5
                        ]
                    },
                    {
                        "enseñanza145": [
                            35,
                            5
                        ]
                    },
                    {
                        "enseñanza146": [
                            36,
                            5
                        ]
                    },
                    {
                        "enseñanza147": [
                            37,
                            5
                        ]
                    },
                    {
                        "enseñanza148": [
                            38,
                            5
                        ]
                    },
                    {
                        "enseñanza149": [
                            39,
                            5
                        ]
                    },
                    {
                        "enseñanza150": [
                            39,
                            5
                        ]
                    },
                    {
                        "enseñanza151": [
                            39,
                            4
                        ]
                    },
                    {
                        "enseñanza152": [
                            39,
                            3
                        ]
                    },
                    {
                        "enseñanza153": [
                            39,
                            2
                        ]
                    },
                    {
                        "enseñanza154": [
                            40,
                            2
                        ]
                    }
                ]
            }
        }
    ]
}